<metadata xml:lang="en"><Esri><CreaDate>20240430</CreaDate><CreaTime>15583100</CreaTime><ArcGISFormat>1.0</ArcGISFormat><SyncOnce>FALSE</SyncOnce><DataProperties><lineage><Process ToolSource="c:\program files\arcgis\pro\Resources\ArcToolbox\toolboxes\Conversion Tools.tbx\ExportFeatures" Date="20240430" Time="155831">ExportFeatures main.edges C:\temp\topology_pro\topology_pro_project\Default.gdb\edgescorrected # NOT_USE_ALIAS "COMID "COMID" true true false 8 Double 8 38,First,#,main.edges,COMID,-1,-1;GNIS_ID "GNIS_ID" true true false 2147483647 Text 0 0,First,#,main.edges,GNIS_ID,0,2147483647;GNIS_NAME "GNIS_NAME" true true false 2147483647 Text 0 0,First,#,main.edges,GNIS_NAME,0,2147483647;LENGTHKM "LENGTHKM" true true false 8 Double 8 38,First,#,main.edges,LENGTHKM,-1,-1;REACHCODE "REACHCODE" true true false 2147483647 Text 0 0,First,#,main.edges,REACHCODE,0,2147483647;FTYPE "FTYPE" true true false 2147483647 Text 0 0,First,#,main.edges,FTYPE,0,2147483647;FCODE "FCODE" true true false 8 Double 8 38,First,#,main.edges,FCODE,-1,-1;StreamLeve "StreamLeve" true true false 4 Long 0 0,First,#,main.edges,StreamLeve,-1,-1;StreamOrde "StreamOrde" true true false 4 Long 0 0,First,#,main.edges,StreamOrde,-1,-1;StreamCalc "StreamCalc" true true false 4 Long 0 0,First,#,main.edges,StreamCalc,-1,-1;AreaSqKM "AreaSqKM" true true false 8 Double 8 38,First,#,main.edges,AreaSqKM,-1,-1;TotDASqKM "TotDASqKM" true true false 8 Double 8 38,First,#,main.edges,TotDASqKM,-1,-1;Length "Length" true true false 8 Double 8 38,First,#,main.edges,Length,-1,-1;rid "rid" true true false 4 Long 0 0,First,#,main.edges,rid,-1,-1" #</Process><Process ToolSource="c:\program files\arcgis\pro\Resources\ArcToolbox\toolboxes\Conversion Tools.tbx\ExportFeatures" Date="20240430" Time="160415">ExportFeatures edgescorrected C:\temp\topology_pro\edgescorrected.shp # NOT_USE_ALIAS "COMID "COMID" true true false 8 Double 0 0,First,#,edgescorrected,COMID,-1,-1;GNIS_ID "GNIS_ID" true true false 2147483647 Text 0 0,First,#,edgescorrected,GNIS_ID,0,2147483647;GNIS_NAME "GNIS_NAME" true true false 2147483647 Text 0 0,First,#,edgescorrected,GNIS_NAME,0,2147483647;LENGTHKM "LENGTHKM" true true false 8 Double 0 0,First,#,edgescorrected,LENGTHKM,-1,-1;REACHCODE "REACHCODE" true true false 2147483647 Text 0 0,First,#,edgescorrected,REACHCODE,0,2147483647;FTYPE "FTYPE" true true false 2147483647 Text 0 0,First,#,edgescorrected,FTYPE,0,2147483647;FCODE "FCODE" true true false 8 Double 0 0,First,#,edgescorrected,FCODE,-1,-1;StreamLeve "StreamLeve" true true false 4 Long 0 0,First,#,edgescorrected,StreamLeve,-1,-1;StreamOrde "StreamOrde" true true false 4 Long 0 0,First,#,edgescorrected,StreamOrde,-1,-1;StreamCalc "StreamCalc" true true false 4 Long 0 0,First,#,edgescorrected,StreamCalc,-1,-1;AreaSqKM "AreaSqKM" true true false 8 Double 0 0,First,#,edgescorrected,AreaSqKM,-1,-1;TotDASqKM "TotDASqKM" true true false 8 Double 0 0,First,#,edgescorrected,TotDASqKM,-1,-1;Length "Length" true true false 8 Double 0 0,First,#,edgescorrected,Length,-1,-1;rid "rid" true true false 4 Long 0 0,First,#,edgescorrected,rid,-1,-1;Shape_Length "Shape_Length" false true true 8 Double 0 0,First,#,edgescorrected,Shape_Length,-1,-1" #</Process></lineage><itemProps><itemName Sync="TRUE">edgescorrected</itemName><imsContentType Sync="TRUE">002</imsContentType><itemSize Sync="TRUE">0.000</itemSize><itemLocation><linkage Sync="TRUE">file://\\AFSPCDE0154Q243\C$\temp\topology_pro\edgescorrected.shp</linkage><protocol Sync="TRUE">Local Area Network</protocol></itemLocation></itemProps><coordRef><type Sync="TRUE">Projected</type><geogcsn Sync="TRUE">GCS_North_American_1983</geogcsn><csUnits Sync="TRUE">Linear Unit: Meter (1.000000)</csUnits><projcsn Sync="TRUE">NAD_1983_Contiguous_USA_Albers</projcsn><peXml Sync="TRUE">&lt;ProjectedCoordinateSystem xsi:type='typens:ProjectedCoordinateSystem' xmlns:xsi='http://www.w3.org/2001/XMLSchema-instance' xmlns:xs='http://www.w3.org/2001/XMLSchema' xmlns:typens='http://www.esri.com/schemas/ArcGIS/3.1.0'&gt;&lt;WKT&gt;PROJCS[&amp;quot;NAD_1983_Contiguous_USA_Albers&amp;quot;,GEOGCS[&amp;quot;GCS_North_American_1983&amp;quot;,DATUM[&amp;quot;D_North_American_1983&amp;quot;,SPHEROID[&amp;quot;GRS_1980&amp;quot;,6378137.0,298.257222101]],PRIMEM[&amp;quot;Greenwich&amp;quot;,0.0],UNIT[&amp;quot;Degree&amp;quot;,0.0174532925199433]],PROJECTION[&amp;quot;Albers&amp;quot;],PARAMETER[&amp;quot;False_Easting&amp;quot;,0.0],PARAMETER[&amp;quot;False_Northing&amp;quot;,0.0],PARAMETER[&amp;quot;Central_Meridian&amp;quot;,-96.0],PARAMETER[&amp;quot;Standard_Parallel_1&amp;quot;,29.5],PARAMETER[&amp;quot;Standard_Parallel_2&amp;quot;,45.5],PARAMETER[&amp;quot;Latitude_Of_Origin&amp;quot;,23.0],UNIT[&amp;quot;Meter&amp;quot;,1.0],AUTHORITY[&amp;quot;EPSG&amp;quot;,5070]]&lt;/WKT&gt;&lt;XOrigin&gt;-16901100&lt;/XOrigin&gt;&lt;YOrigin&gt;-6972200&lt;/YOrigin&gt;&lt;XYScale&gt;266467840.99085236&lt;/XYScale&gt;&lt;ZOrigin&gt;-100000&lt;/ZOrigin&gt;&lt;ZScale&gt;10000&lt;/ZScale&gt;&lt;MOrigin&gt;-100000&lt;/MOrigin&gt;&lt;MScale&gt;10000&lt;/MScale&gt;&lt;XYTolerance&gt;0.001&lt;/XYTolerance&gt;&lt;ZTolerance&gt;0.001&lt;/ZTolerance&gt;&lt;MTolerance&gt;0.001&lt;/MTolerance&gt;&lt;HighPrecision&gt;true&lt;/HighPrecision&gt;&lt;WKID&gt;5070&lt;/WKID&gt;&lt;LatestWKID&gt;5070&lt;/LatestWKID&gt;&lt;/ProjectedCoordinateSystem&gt;</peXml></coordRef></DataProperties><SyncDate>20240430</SyncDate><SyncTime>16041500</SyncTime><ModDate>20240430</ModDate><ModTime>16041500</ModTime></Esri><dataIdInfo><envirDesc Sync="TRUE">Microsoft Windows 10 Version 10.0 (Build 19045) ; Esri ArcGIS 13.1.3.41833</envirDesc><dataLang><languageCode value="eng" Sync="TRUE"></languageCode><countryCode value="USA" Sync="TRUE"></countryCode></dataLang><idCitation><resTitle Sync="TRUE">edgescorrected</resTitle><presForm><PresFormCd value="005" Sync="TRUE"></PresFormCd></presForm></idCitation><spatRpType><SpatRepTypCd value="001" Sync="TRUE"></SpatRepTypCd></spatRpType></dataIdInfo><mdLang><languageCode value="eng" Sync="TRUE"></languageCode><countryCode value="USA" Sync="TRUE"></countryCode></mdLang><distInfo><distFormat><formatName Sync="TRUE">Shapefile</formatName></distFormat><distTranOps><transSize Sync="TRUE">0.000</transSize></distTranOps></distInfo><mdHrLv><ScopeCd value="005" Sync="TRUE"></ScopeCd></mdHrLv><mdHrLvName Sync="TRUE">dataset</mdHrLvName><refSysInfo><RefSystem><refSysID><identCode code="5070" Sync="TRUE"></identCode><idCodeSpace Sync="TRUE">EPSG</idCodeSpace><idVersion Sync="TRUE">7.4.6(10.1.0)</idVersion></refSysID></RefSystem></refSysInfo><spatRepInfo><VectSpatRep><geometObjs Name="edgescorrected"><geoObjTyp><GeoObjTypCd value="002" Sync="TRUE"></GeoObjTypCd></geoObjTyp><geoObjCnt Sync="TRUE">0</geoObjCnt></geometObjs><topLvl><TopoLevCd value="001" Sync="TRUE"></TopoLevCd></topLvl></VectSpatRep></spatRepInfo><spdoinfo><ptvctinf><esriterm Name="edgescorrected"><efeatyp Sync="TRUE">Simple</efeatyp><efeageom code="3" Sync="TRUE"></efeageom><esritopo Sync="TRUE">FALSE</esritopo><efeacnt Sync="TRUE">0</efeacnt><spindex Sync="TRUE">FALSE</spindex><linrefer Sync="TRUE">FALSE</linrefer></esriterm></ptvctinf></spdoinfo><eainfo><detailed Name="edgescorrected"><enttyp><enttypl Sync="TRUE">edgescorrected</enttypl><enttypt Sync="TRUE">Feature Class</enttypt><enttypc Sync="TRUE">0</enttypc></enttyp><attr><attrlabl Sync="TRUE">FID</attrlabl><attalias Sync="TRUE">FID</attalias><attrtype Sync="TRUE">OID</attrtype><attwidth Sync="TRUE">4</attwidth><atprecis Sync="TRUE">0</atprecis><attscale Sync="TRUE">0</attscale><attrdef Sync="TRUE">Internal feature number.</attrdef><attrdefs Sync="TRUE">Esri</attrdefs><attrdomv><udom Sync="TRUE">Sequential unique whole numbers that are automatically generated.</udom></attrdomv></attr><attr><attrlabl Sync="TRUE">Shape</attrlabl><attalias Sync="TRUE">Shape</attalias><attrtype Sync="TRUE">Geometry</attrtype><attwidth Sync="TRUE">0</attwidth><atprecis Sync="TRUE">0</atprecis><attscale Sync="TRUE">0</attscale><attrdef Sync="TRUE">Feature geometry.</attrdef><attrdefs Sync="TRUE">Esri</attrdefs><attrdomv><udom Sync="TRUE">Coordinates defining the features.</udom></attrdomv></attr><attr><attrlabl Sync="TRUE">COMID</attrlabl><attalias Sync="TRUE">COMID</attalias><attrtype Sync="TRUE">Double</attrtype><attwidth Sync="TRUE">19</attwidth><atprecis Sync="TRUE">0</atprecis><attscale Sync="TRUE">0</attscale></attr><attr><attrlabl Sync="TRUE">GNIS_ID</attrlabl><attalias Sync="TRUE">GNIS_ID</attalias><attrtype Sync="TRUE">String</attrtype><attwidth Sync="TRUE">254</attwidth><atprecis Sync="TRUE">0</atprecis><attscale Sync="TRUE">0</attscale></attr><attr><attrlabl Sync="TRUE">GNIS_NAME</attrlabl><attalias Sync="TRUE">GNIS_NAME</attalias><attrtype Sync="TRUE">String</attrtype><attwidth Sync="TRUE">254</attwidth><atprecis Sync="TRUE">0</atprecis><attscale Sync="TRUE">0</attscale></attr><attr><attrlabl Sync="TRUE">LENGTHKM</attrlabl><attalias Sync="TRUE">LENGTHKM</attalias><attrtype Sync="TRUE">Double</attrtype><attwidth Sync="TRUE">19</attwidth><atprecis Sync="TRUE">0</atprecis><attscale Sync="TRUE">0</attscale></attr><attr><attrlabl Sync="TRUE">REACHCODE</attrlabl><attalias Sync="TRUE">REACHCODE</attalias><attrtype Sync="TRUE">String</attrtype><attwidth Sync="TRUE">254</attwidth><atprecis Sync="TRUE">0</atprecis><attscale Sync="TRUE">0</attscale></attr><attr><attrlabl Sync="TRUE">FTYPE</attrlabl><attalias Sync="TRUE">FTYPE</attalias><attrtype Sync="TRUE">String</attrtype><attwidth Sync="TRUE">254</attwidth><atprecis Sync="TRUE">0</atprecis><attscale Sync="TRUE">0</attscale></attr><attr><attrlabl Sync="TRUE">FCODE</attrlabl><attalias Sync="TRUE">FCODE</attalias><attrtype Sync="TRUE">Double</attrtype><attwidth Sync="TRUE">19</attwidth><atprecis Sync="TRUE">0</atprecis><attscale Sync="TRUE">0</attscale></attr><attr><attrlabl Sync="TRUE">StreamLeve</attrlabl><attalias Sync="TRUE">StreamLeve</attalias><attrtype Sync="TRUE">Integer</attrtype><attwidth Sync="TRUE">10</attwidth><atprecis Sync="TRUE">10</atprecis><attscale Sync="TRUE">0</attscale></attr><attr><attrlabl Sync="TRUE">StreamOrde</attrlabl><attalias Sync="TRUE">StreamOrde</attalias><attrtype Sync="TRUE">Integer</attrtype><attwidth Sync="TRUE">10</attwidth><atprecis Sync="TRUE">10</atprecis><attscale Sync="TRUE">0</attscale></attr><attr><attrlabl Sync="TRUE">StreamCalc</attrlabl><attalias Sync="TRUE">StreamCalc</attalias><attrtype Sync="TRUE">Integer</attrtype><attwidth Sync="TRUE">10</attwidth><atprecis Sync="TRUE">10</atprecis><attscale Sync="TRUE">0</attscale></attr><attr><attrlabl Sync="TRUE">AreaSqKM</attrlabl><attalias Sync="TRUE">AreaSqKM</attalias><attrtype Sync="TRUE">Double</attrtype><attwidth Sync="TRUE">19</attwidth><atprecis Sync="TRUE">0</atprecis><attscale Sync="TRUE">0</attscale></attr><attr><attrlabl Sync="TRUE">TotDASqKM</attrlabl><attalias Sync="TRUE">TotDASqKM</attalias><attrtype Sync="TRUE">Double</attrtype><attwidth Sync="TRUE">19</attwidth><atprecis Sync="TRUE">0</atprecis><attscale Sync="TRUE">0</attscale></attr><attr><attrlabl Sync="TRUE">Length</attrlabl><attalias Sync="TRUE">Length</attalias><attrtype Sync="TRUE">Double</attrtype><attwidth Sync="TRUE">19</attwidth><atprecis Sync="TRUE">0</atprecis><attscale Sync="TRUE">0</attscale></attr><attr><attrlabl Sync="TRUE">rid</attrlabl><attalias Sync="TRUE">rid</attalias><attrtype Sync="TRUE">Integer</attrtype><attwidth Sync="TRUE">10</attwidth><atprecis Sync="TRUE">10</atprecis><attscale Sync="TRUE">0</attscale></attr><attr><attrlabl Sync="TRUE">Shape_Leng</attrlabl><attalias Sync="TRUE">Shape_Leng</attalias><attrtype Sync="TRUE">Double</attrtype><attwidth Sync="TRUE">19</attwidth><atprecis Sync="TRUE">0</atprecis><attscale Sync="TRUE">0</attscale></attr></detailed></eainfo><mdDateSt Sync="TRUE">20240430</mdDateSt></metadata>
